logged_at,event_id,event_cause,junction,corridor,predicted_impact,predicted_resolution,predicted_cascade_prob,actual_impact,actual_resolution,actual_cascade,source
2024-01-30 23:12:23.123000+00:00,FKID000063,vehicle_breakdown,nan,non-corridor,0,71.07263946533203,0.009677419438958168,0,83.22766023333334,0,history_replay
2024-01-31 00:36:02.277000+00:00,FKID000070,vehicle_breakdown,nan,west of chord road,1,546.9537353515625,0.009677419438958168,1,41.797760616666665,0,history_replay
2024-01-31 04:21:01.833000+00:00,FKID000093,vehicle_breakdown,nan,mysore road,1,10.860017776489258,0.009677419438958168,1,47.68990556666667,0,history_replay
2024-03-07 23:17:27.277000+00:00,FKID000142,water_logging,nan,orr east 1,1,323.1246032714844,0.009677419438958168,2,49.972616783333336,0,history_replay
2024-02-01 02:41:28.522000+00:00,FKID000183,vehicle_breakdown,nan,orr north 1,1,209.73797607421875,0.009677419438958168,1,18.84050655,0,history_replay
2024-02-01 03:01:29.624000+00:00,FKID000184,vehicle_breakdown,nan,bellary road 1,1,23.34804916381836,0.009677419438958168,1,23.641425966666667,0,history_replay
2024-03-08 04:27:41.649000+00:00,FKID000189,vehicle_breakdown,nan,old airport road,1,58.2676887512207,0.009677419438958168,1,70.8526748,0,history_replay
2024-02-01 04:22:39.844000+00:00,FKID000199,construction,nan,bellary road 2,1,20.811025619506836,0.01550387591123581,2,60.798384383333335,0,history_replay
2024-02-01 05:05:45.838000+00:00,FKID000202,others,nan,bannerghata road,1,1300.211669921875,0.009677419438958168,1,119.59072880000001,0,history_replay
2024-02-01 08:30:57.503000+00:00,FKID000224,vehicle_breakdown,nan,hosur road,1,48.26662063598633,0.01550387591123581,1,75.03727443333334,0,history_replay
2024-02-01 21:11:45.068000+00:00,FKID000249,vehicle_breakdown,nan,tumkur road,1,27.41443634033203,0.009677419438958168,1,33.33879541666667,0,history_replay
2024-03-08 08:45:13.150000+00:00,FKID000267,vehicle_breakdown,nan,mysore road,1,148.932373046875,0.01550387591123581,1,66.13607151666666,0,history_replay
2024-02-02 05:02:28.323000+00:00,FKID000271,vehicle_breakdown,nan,tumkur road,1,11.220800399780273,0.0416666679084301,1,30.63011775,0,history_replay
2024-02-02 10:56:03.633000+00:00,FKID000294,others,nan,non-corridor,1,231.66380310058594,0.01550387591123581,0,25.367629383333334,0,history_replay
2024-02-02 22:36:20.220000+00:00,FKID000322,vehicle_breakdown,nan,bellary road 1,1,78.75251007080078,0.01550387591123581,1,141.64393971666667,0,history_replay
2024-02-03 06:03:55.432000+00:00,FKID000336,vehicle_breakdown,nan,hosur road,1,29.44288444519043,0.01550387591123581,1,31.520573033333335,0,history_replay
2024-02-03 06:52:55.219000+00:00,FKID000344,vehicle_breakdown,nan,hosur road,1,41.50006103515625,0.01550387591123581,1,96.5241556,0,history_replay
2024-02-03 23:13:38.216000+00:00,FKID000384,vehicle_breakdown,nan,bellary road 1,1,91.18377685546875,0.01550387591123581,1,92.67076003333334,0,history_replay
2024-02-04 00:26:38.536000+00:00,FKID000387,vehicle_breakdown,nan,non-corridor,0,16.44563102722168,0.009677419438958168,0,12.90432295,0,history_replay
2024-02-04 19:20:45.167000+00:00,FKID000442,vehicle_breakdown,nan,non-corridor,2,76.81597137451172,0.375,1,24.749764333333335,0,history_replay
2024-02-04 22:31:03.444000+00:00,FKID000458,vehicle_breakdown,nan,orr west 1,1,48.731441497802734,0.009677419438958168,1,39.407815049999996,0,history_replay
2024-03-09 08:04:54.844000+00:00,FKID000492,tree_fall,nan,hosur road,1,579.3777465820312,0.01550387591123581,2,62.19627536666667,0,history_replay
2024-02-06 00:07:14.214000+00:00,FKID000535,vehicle_breakdown,nan,bellary road 1,1,45.41395950317383,0.009677419438958168,1,21.48659638333333,0,history_replay
2024-03-10 00:15:37.663000+00:00,FKID000568,vehicle_breakdown,nan,orr north 2,1,249.25750732421875,0.009677419438958168,1,49.33388356666667,0,history_replay
2024-02-06 18:59:47.791000+00:00,FKID000586,accident,nan,bellary road 2,1,11.916584014892578,0.01550387591123581,2,65.95049823333333,0,history_replay
2024-02-06 22:39:39.884000+00:00,FKID000598,vehicle_breakdown,nan,non-corridor,0,379.71453857421875,0.009677419438958168,0,51.529733783333334,0,history_replay
2024-02-07 04:10:22.184000+00:00,FKID000609,vehicle_breakdown,nan,non-corridor,0,28.704010009765625,0.01550387591123581,0,14.79356025,0,history_replay
2024-02-07 06:53:40.838000+00:00,FKID000623,others,nan,orr north 1,1,66.3282470703125,0.01550387591123581,1,65.11967595,0,history_replay
2024-02-07 11:55:57.819000+00:00,FKID000632,vehicle_breakdown,nan,non-corridor,0,145.47230529785156,0.01550387591123581,0,41.68652611666666,0,history_replay
2024-02-07 23:13:12.801000+00:00,FKID000658,vehicle_breakdown,nan,mysore road,1,10.550097465515137,0.009677419438958168,1,4.0160994500000005,0,history_replay
2024-03-10 06:59:26.933000+00:00,FKID000668,vehicle_breakdown,nan,non-corridor,0,79.53937530517578,0.009677419438958168,0,41.98896968333334,0,history_replay
2024-03-10 07:07:12.650000+00:00,FKID000673,vehicle_breakdown,nan,non-corridor,0,494.7975769042969,0.01550387591123581,0,99.42997704999999,0,history_replay
2024-02-08 04:22:14.183000+00:00,FKID000684,vehicle_breakdown,nan,varthur road,1,40.748504638671875,0.009677419438958168,1,59.29006258333333,0,history_replay
2024-02-08 04:28:19.101000+00:00,FKID000685,vehicle_breakdown,nan,non-corridor,0,42.015567779541016,0.01550387591123581,0,15.77857665,0,history_replay
2024-03-10 09:33:24.446000+00:00,FKID000697,vehicle_breakdown,nan,bellary road 1,1,72.49816131591797,0.01550387591123581,1,105.14612633333333,0,history_replay
2024-02-08 07:10:57.869000+00:00,FKID000701,vehicle_breakdown,nan,tumkur road,1,15.445012092590332,0.01550387591123581,1,12.276266133333333,0,history_replay
2024-02-08 18:07:51.907000+00:00,FKID000715,others,nan,hosur road,1,37.7760009765625,0.01550387591123581,1,26.72452003333333,0,history_replay
2024-03-10 23:13:23.589000+00:00,FKID000721,vehicle_breakdown,nan,non-corridor,0,378.4683532714844,0.009677419438958168,0,129.19878353333334,0,history_replay
2024-03-11 02:02:17.213000+00:00,FKID000755,vehicle_breakdown,nan,bannerghata road,1,98.21525573730469,0.009677419438958168,1,10.48741705,0,history_replay
2024-02-08 23:49:22.811000+00:00,FKID000756,vehicle_breakdown,nan,non-corridor,0,66.51727294921875,0.009677419438958168,0,73.79083653333333,0,history_replay
2024-02-08 23:42:28.176000+00:00,FKID000757,vehicle_breakdown,nan,orr east 1,1,91.23070526123047,0.009677419438958168,1,40.523691066666665,0,history_replay
2024-02-09 07:11:04.999000+00:00,FKID000789,vehicle_breakdown,nan,orr north 1,1,41.88340759277344,0.01550387591123581,1,33.73741513333333,0,history_replay
2024-03-11 18:29:46.603000+00:00,FKID000807,others,nan,bellary road 1,1,56.77109146118164,0.01550387591123581,1,32.5370269,0,history_replay
2024-02-09 19:06:11.723000+00:00,FKID000821,vehicle_breakdown,nan,non-corridor,1,85.3271484375,0.01550387591123581,0,38.20984111666667,0,history_replay
2024-02-10 04:19:01.747000+00:00,FKID000858,vehicle_breakdown,nan,non-corridor,0,136.56686401367188,0.009677419438958168,0,22.188365633333333,0,history_replay
2024-03-12 00:22:47.869000+00:00,FKID000896,vehicle_breakdown,nan,old airport road,1,11.251707077026367,0.009677419438958168,1,1.2535275166666666,0,history_replay
2024-02-10 21:52:45.163000+00:00,FKID000917,others,nan,cbd 2,1,523.4623413085938,0.01550387591123581,1,75.09085913333334,0,history_replay
2024-02-11 01:42:58.594000+00:00,FKID000926,vehicle_breakdown,nan,magadi road,1,6.478692531585693,0.01550387591123581,1,17.01463426666667,0,history_replay
2024-02-11 03:11:28.173000+00:00,FKID000937,vehicle_breakdown,nan,non-corridor,1,83.05497741699219,0.21212121844291687,1,39.4856103,0,history_replay
2024-02-11 10:46:05.646000+00:00,FKID000964,vehicle_breakdown,nan,bellary road 1,1,12.20659351348877,0.01550387591123581,1,12.875058366666668,0,history_replay
2024-02-11 19:30:45.453000+00:00,FKID000972,vehicle_breakdown,nan,cbd 2,1,72.5761947631836,0.01550387591123581,1,83.6431582,0,history_replay
2024-02-11 20:17:33.275000+00:00,FKID000973,vehicle_breakdown,nan,mysore road,1,8.136964797973633,0.009677419438958168,1,54.19506535,0,history_replay
2024-02-11 23:22:29.915000+00:00,FKID000976,vehicle_breakdown,nan,non-corridor,0,19.295915603637695,0.009677419438958168,0,27.90641395,0,history_replay
2024-02-12 00:00:02.313000+00:00,FKID000979,vehicle_breakdown,nan,bellary road 1,1,37.925498962402344,0.01550387591123581,1,26.02119336666667,0,history_replay
2024-03-12 21:03:57.084000+00:00,FKID001009,vehicle_breakdown,nan,orr north 1,1,154.51589965820312,0.009677419438958168,1,43.703668050000005,0,history_replay
2024-02-13 04:45:57.925000+00:00,FKID001051,vehicle_breakdown,nan,bannerghata road,1,27.361974716186523,0.009677419438958168,1,10.573012383333333,0,history_replay
2024-03-13 02:12:05.452000+00:00,FKID001057,vehicle_breakdown,nan,orr north 1,1,230.98037719726562,0.009677419438958168,1,42.808710616666666,0,history_replay
2024-02-13 04:38:28.292000+00:00,FKID001060,vehicle_breakdown,nan,tumkur road,1,8.706491470336914,0.01550387591123581,1,29.313113633333334,0,history_replay
2024-02-13 06:02:31.092000+00:00,FKID001063,vehicle_breakdown,nan,non-corridor,0,133.21583557128906,0.009677419438958168,0,83.15463388333333,0,history_replay
2024-02-13 06:38:59.810000+00:00,FKID001083,vehicle_breakdown,nan,mysore road,1,14.328964233398438,0.01550387591123581,1,21.942543016666665,0,history_replay
2024-02-13 20:01:34.822000+00:00,FKID001122,vehicle_breakdown,nan,bellary road 2,1,20.234668731689453,0.01550387591123581,1,141.574881,0,history_replay
2024-02-13 21:29:40.204000+00:00,FKID001140,vehicle_breakdown,nan,non-corridor,0,79.62532806396484,0.009677419438958168,0,60.76119708333333,0,history_replay
2024-03-13 08:56:29.470000+00:00,FKID001145,vehicle_breakdown,nan,orr east 1,1,66.57991027832031,0.01550387591123581,1,3.437997633333333,0,history_replay
2024-02-14 03:37:01.537000+00:00,FKID001155,vehicle_breakdown,nan,magadi road,1,10.76300048828125,0.01550387591123581,1,24.2304184,0,history_replay
2024-02-14 04:45:46.195000+00:00,FKID001165,vehicle_breakdown,nan,orr east 1,1,145.32733154296875,0.01550387591123581,1,109.25451818333333,0,history_replay
2024-02-14 06:03:36.452000+00:00,FKID001172,others,nan,non-corridor,0,44.49980545043945,0.01550387591123581,1,180.91461453333335,0,history_replay
2024-03-13 20:03:19.155000+00:00,FKID001178,construction,nan,non-corridor,1,727.3615112304688,0.01550387591123581,2,365.8770966,1,history_replay
2024-02-14 20:11:10.169000+00:00,FKID001194,vehicle_breakdown,nan,bannerghata road,1,119.73548126220703,0.009677419438958168,1,62.15927346666667,0,history_replay
2024-02-14 20:52:21.751000+00:00,FKID001203,vehicle_breakdown,nan,bannerghata road,1,119.73548126220703,0.009677419438958168,1,27.9523293,0,history_replay
2024-02-14 23:17:04.194000+00:00,FKID001233,vehicle_breakdown,nan,non-corridor,1,303.7161560058594,0.21212121844291687,1,130.85829606666667,0,history_replay
2024-02-15 01:37:19.806000+00:00,FKID001236,vehicle_breakdown,nan,old airport road,1,13.418903350830078,0.009677419438958168,1,2.195204283333333,0,history_replay
2024-02-15 04:34:58.444000+00:00,FKID001250,vehicle_breakdown,nan,bellary road 1,1,25.30518913269043,0.009677419438958168,1,68.5412746,0,history_replay
2024-03-14 05:48:54.486000+00:00,FKID001274,vehicle_breakdown,nan,non-corridor,0,201.09121704101562,0.01550387591123581,0,74.69350561666667,0,history_replay
2024-02-15 21:09:32.663000+00:00,FKID001287,vehicle_breakdown,nan,non-corridor,0,69.51789855957031,0.009677419438958168,0,18.743594383333335,0,history_replay
2024-02-15 23:16:09.704000+00:00,FKID001290,vehicle_breakdown,nan,tumkur road,1,10.485808372497559,0.009677419438958168,1,30.207270483333332,0,history_replay
2024-02-16 01:05:42.295000+00:00,FKID001292,congestion,nan,orr north 1,1,458.8580017089844,0.009677419438958168,2,87.10293336666668,0,history_replay
2024-02-16 01:13:43.815000+00:00,FKID001300,vehicle_breakdown,nan,orr east 2,1,6.127915382385254,0.0416666679084301,1,66.92851234999999,0,history_replay
2024-02-16 03:57:04.593000+00:00,FKID001313,others,nan,mysore road,1,7.351570129394531,0.009677419438958168,1,119.54685436666666,0,history_replay
2024-03-14 21:36:49.204000+00:00,FKID001375,road_conditions,nan,orr west 1,1,282.75177001953125,0.009677419438958168,1,62.264017833333334,0,history_replay
2024-02-16 22:13:32.326000+00:00,FKID001384,vehicle_breakdown,nan,non-corridor,0,337.6706848144531,0.009677419438958168,0,63.30596091666666,0,history_replay
2024-02-16 23:58:10.991000+00:00,FKID001395,vehicle_breakdown,nan,tumkur road,1,8.275003433227539,0.009677419438958168,1,28.267420583333333,0,history_replay
2024-03-15 00:32:50.155000+00:00,FKID001400,road_conditions,nan,non-corridor,0,93.78868865966797,0.009677419438958168,0,1.6786465666666668,0,history_replay
2024-03-15 00:58:01.956000+00:00,FKID001404,others,nan,west of chord road,1,8.173551559448242,0.009677419438958168,1,4.119737566666667,0,history_replay
2024-03-15 03:26:40.957000+00:00,FKID001414,vehicle_breakdown,nan,non-corridor,0,347.4664001464844,0.009677419438958168,0,122.88383688333333,0,history_replay
2024-03-15 04:48:30.627000+00:00,FKID001425,congestion,nan,hennur main road,2,600.6552734375,0.009677419438958168,2,136.03228926666668,0,history_replay
2024-02-17 20:43:37.982000+00:00,FKID001458,vehicle_breakdown,nan,non-corridor,1,47.907554626464844,0.01550387591123581,0,21.79317205,0,history_replay
2024-02-18 00:26:46.518000+00:00,FKID001491,vehicle_breakdown,nan,mysore road,1,11.89436149597168,0.009677419438958168,1,41.276453733333334,0,history_replay
2024-02-18 01:16:13.812000+00:00,FKID001493,vehicle_breakdown,nan,bellary road 1,1,21.27487564086914,0.01550387591123581,1,112.91873355,0,history_replay
2024-03-15 17:34:28.922000+00:00,FKID001496,vehicle_breakdown,nan,old madras road,1,231.6653594970703,0.022519398480653763,1,75.1976845,0,history_replay
2024-02-18 03:37:55.578000+00:00,FKID001499,construction,nan,orr east 1,3,37.581478118896484,1.0,3,34.097350649999996,1,history_replay
2024-03-15 19:27:28.531000+00:00,FKID001507,vehicle_breakdown,nan,orr north 1,1,531.6636352539062,0.01550387591123581,1,5.132183783333333,0,history_replay
2024-02-19 03:20:14.973000+00:00,FKID001568,vehicle_breakdown,nan,mysore road,1,8.46603775024414,0.009677419438958168,1,94.79220713333333,0,history_replay
2024-02-19 06:05:28.790000+00:00,FKID001570,vehicle_breakdown,nan,non-corridor,0,144.88243103027344,0.009677419438958168,0,25.561851433333334,0,history_replay
2024-02-19 20:58:33.985000+00:00,FKID001594,vehicle_breakdown,nan,non-corridor,1,34.2545280456543,0.01550387591123581,0,11.603118716666668,0,history_replay
2024-02-19 20:21:08.571000+00:00,FKID001598,vehicle_breakdown,nan,mysore road,1,10.23584270477295,0.009677419438958168,1,99.55250774999999,0,history_replay
2024-02-20 03:40:27.131000+00:00,FKID001634,vehicle_breakdown,nan,non-corridor,0,43.913082122802734,0.009677419438958168,0,18.394525433333335,0,history_replay
2024-02-20 02:44:14.278000+00:00,FKID001635,others,nan,bellary road 1,1,20.9206485748291,0.009677419438958168,1,99.88255601666667,0,history_replay
2024-02-20 05:55:42.313000+00:00,FKID001643,tree_fall,nan,non-corridor,0,484.91253662109375,0.01550387591123581,1,16.6391068,0,history_replay
2024-02-21 02:35:22.161000+00:00,FKID001682,vehicle_breakdown,nan,bellary road 1,1,17.764142990112305,0.009677419438958168,1,112.30525148333332,0,history_replay
2024-03-16 21:05:41.817000+00:00,FKID001730,vehicle_breakdown,nan,tumkur road,1,26.716623306274414,0.009677419438958168,1,43.37783213333333,0,history_replay
2024-03-17 02:21:57.769000+00:00,FKID001788,vehicle_breakdown,nan,orr north 2,1,9.555400848388672,0.009677419438958168,1,107.86730428333334,0,history_replay
2024-02-22 07:53:45.518000+00:00,FKID001800,vehicle_breakdown,nan,non-corridor,0,550.6450805664062,0.01550387591123581,0,112.04517458333333,0,history_replay
2024-03-17 08:29:49.921000+00:00,FKID001826,others,nan,non-corridor,1,233.24864196777344,0.0416666679084301,0,4.885507283333333,0,history_replay
2024-02-22 23:41:01.371000+00:00,FKID001851,vehicle_breakdown,nan,non-corridor,0,237.22972106933594,0.009677419438958168,0,55.578412783333334,0,history_replay
2024-02-24 01:08:06.943000+00:00,FKID001897,others,nan,magadi road,1,14.304217338562012,0.01550387591123581,1,55.317655916666666,0,history_replay
2024-02-24 05:37:59.709000+00:00,FKID001911,vehicle_breakdown,nan,hosur road,1,30.735750198364258,0.01550387591123581,1,18.99817295,0,history_replay
2024-02-24 21:54:43.585000+00:00,FKID001939,vehicle_breakdown,nan,non-corridor,0,231.25445556640625,0.009677419438958168,0,33.299465850000004,0,history_replay
2024-02-25 00:45:16.418000+00:00,FKID001941,vehicle_breakdown,nan,hosur road,1,52.19309997558594,0.01550387591123581,1,35.21883235,0,history_replay
2024-02-25 05:11:12.689000+00:00,FKID001961,vehicle_breakdown,nan,mysore road,1,79.85875701904297,0.01550387591123581,1,135.56645735,0,history_replay
2024-02-25 06:12:54.804000+00:00,FKID001968,vehicle_breakdown,nan,mysore road,2,19.705591201782227,0.7599999904632568,2,13.030755666666666,0,history_replay
2024-02-25 07:10:04.898000+00:00,FKID001973,vehicle_breakdown,nan,bellary road 1,1,21.159408569335938,0.009677419438958168,1,23.743930483333333,0,history_replay
2024-02-25 08:58:51.239000+00:00,FKID001983,vehicle_breakdown,nan,cbd 2,1,11.434365272521973,0.01550387591123581,1,15.373663483333333,0,history_replay
2024-02-25 20:48:42.700000+00:00,FKID001991,vehicle_breakdown,nan,mysore road,1,464.8581237792969,0.009677419438958168,1,85.63499211666667,0,history_replay
2024-02-26 00:38:38.926000+00:00,FKID001999,vehicle_breakdown,nan,non-corridor,0,161.33819580078125,0.009677419438958168,0,16.525977933333333,0,history_replay
2024-03-18 02:17:44.238000+00:00,FKID002038,others,nan,non-corridor,0,277.89239501953125,0.009677419438958168,0,60.46577085,0,history_replay
2024-02-27 08:11:35.368000+00:00,FKID002072,vehicle_breakdown,nan,non-corridor,1,23.81535530090332,0.01550387591123581,0,8.7919678,0,history_replay
2024-02-27 11:15:10.411000+00:00,FKID002081,vehicle_breakdown,nan,tumkur road,1,6.071003437042236,0.0416666679084301,1,9.854202483333333,0,history_replay
2024-02-27 12:47:10.903000+00:00,FKID002082,vehicle_breakdown,nan,bellary road 2,1,8.950201988220215,0.0416666679084301,1,105.73423235,0,history_replay
2024-02-27 17:39:47.401000+00:00,FKID002087,vehicle_breakdown,nan,orr east 1,1,268.0306091308594,0.0416666679084301,1,82.21110071666666,0,history_replay
2024-02-28 03:38:08.709000+00:00,FKID002120,vehicle_breakdown,nan,non-corridor,0,20.29703140258789,0.009677419438958168,0,7.453080083333333,0,history_replay
2024-02-28 18:34:07.765000+00:00,FKID002159,vehicle_breakdown,nan,bellary road 2,1,11.80079174041748,0.01550387591123581,1,25.298768399999997,0,history_replay
2024-02-28 20:26:16.827000+00:00,FKID002167,vehicle_breakdown,nan,non-corridor,1,110.05924224853516,0.01550387591123581,0,25.79376715,0,history_replay
2024-02-28 21:28:43.405000+00:00,FKID002177,vehicle_breakdown,nan,mysore road,1,42.02045822143555,0.009677419438958168,1,45.96836663333333,0,history_replay
2024-02-28 22:30:18.714000+00:00,FKID002179,vehicle_breakdown,nan,non-corridor,0,496.8139953613281,0.009677419438958168,0,54.65853513333333,0,history_replay
2024-03-19 10:41:29.927000+00:00,FKID002223,vehicle_breakdown,nan,tumkur road,1,7.582165241241455,0.0416666679084301,1,105.15403339999999,0,history_replay
2024-02-29 08:22:56.451000+00:00,FKID002227,vehicle_breakdown,nan,bellary road 2,1,22.516111373901367,0.01550387591123581,1,35.270044866666666,0,history_replay
2024-03-19 19:25:44.802000+00:00,FKID002236,vehicle_breakdown,nan,bellary road 1,1,512.1912231445312,0.01550387591123581,1,25.963968299999998,0,history_replay
2024-03-19 20:50:26.978000+00:00,FKID002249,vehicle_breakdown,nan,non-corridor,1,587.2094116210938,0.01550387591123581,1,149.32047236666668,0,history_replay
2024-03-20 01:05:02.073000+00:00,FKID002278,vehicle_breakdown,nan,mysore road,1,20.349872589111328,0.01550387591123581,1,2.348085033333333,0,history_replay
2024-03-01 05:33:45.481000+00:00,FKID002285,vehicle_breakdown,nan,hennur main road,2,1532.272216796875,0.009677419438958168,1,46.373055349999994,0,history_replay
2024-03-01 07:56:56.576000+00:00,FKID002287,vehicle_breakdown,nan,non-corridor,0,851.671142578125,0.01550387591123581,0,48.24556945,0,history_replay
2024-03-01 07:55:45.336000+00:00,FKID002291,vehicle_breakdown,nan,non-corridor,1,221.79730224609375,0.01550387591123581,0,23.094677766666667,0,history_replay
2024-03-20 04:41:15.930000+00:00,FKID002304,vehicle_breakdown,nan,mysore road,1,23.651147842407227,0.01550387591123581,1,44.60061098333333,0,history_replay
2024-03-01 21:09:07.674000+00:00,FKID002308,vehicle_breakdown,nan,non-corridor,0,608.3154907226562,0.009677419438958168,0,102.37431906666667,0,history_replay
2024-03-01 20:47:52.922000+00:00,FKID002309,others,nan,hosur road,1,65.17192077636719,0.01550387591123581,2,330.18084595,1,history_replay
2024-03-02 02:01:13.778000+00:00,FKID002321,vehicle_breakdown,nan,mysore road,1,17.180692672729492,0.01550387591123581,1,17.988405883333332,0,history_replay
2024-03-20 07:56:10.351000+00:00,FKID002348,pot_holes,nan,cbd 2,1,1207.8096923828125,0.01550387591123581,1,1.5017334166666667,0,history_replay
2024-03-02 18:36:57.054000+00:00,FKID002363,others,nan,mysore road,1,22.32703971862793,0.01550387591123581,2,302.99378225,1,history_replay
2024-03-20 19:11:13.586000+00:00,FKID002367,vehicle_breakdown,nan,mysore road,1,46.144378662109375,0.01550387591123581,1,78.09311583333333,0,history_replay
2024-03-03 01:26:00.118000+00:00,FKID002385,construction,nan,non-corridor,0,195.54559326171875,0.009677419438958168,1,21.925417683333333,0,history_replay
2024-03-03 02:56:01.411000+00:00,FKID002387,others,nan,bellary road 1,1,31.750263214111328,0.009677419438958168,1,14.34505785,0,history_replay
2024-03-04 00:03:19.594000+00:00,FKID002429,vehicle_breakdown,nan,non-corridor,0,59.466461181640625,0.009677419438958168,0,57.316075016666666,0,history_replay
2024-03-21 03:25:51.791000+00:00,FKID002437,vehicle_breakdown,nan,non-corridor,0,55.83901596069336,0.009677419438958168,0,54.46608108333333,0,history_replay
2024-03-04 09:42:19.154000+00:00,FKID002450,vehicle_breakdown,nan,non-corridor,1,230.0004425048828,0.0416666679084301,0,8.9473605,0,history_replay
2024-03-21 05:40:13.767000+00:00,FKID002453,vehicle_breakdown,nan,non-corridor,2,577.655029296875,0.21212121844291687,1,30.47674805,0,history_replay
2024-03-04 20:46:02.161000+00:00,FKID002460,vehicle_breakdown,nan,non-corridor,1,438.3674011230469,0.01550387591123581,1,121.07565023333333,0,history_replay
2024-03-21 07:13:03.433000+00:00,FKID002476,vehicle_breakdown,nan,orr west 1,1,137.56861877441406,0.01550387591123581,1,47.0778124,0,history_replay
2024-03-05 02:21:45.802000+00:00,FKID002500,vehicle_breakdown,nan,tumkur road,1,35.96435546875,0.009677419438958168,1,14.798998433333333,0,history_replay
2024-03-05 02:13:01.309000+00:00,FKID002501,vehicle_breakdown,nan,orr east 2,1,120.41143798828125,0.01550387591123581,1,1.3184935833333333,0,history_replay
2024-03-21 20:31:17.624000+00:00,FKID002505,vehicle_breakdown,nan,tumkur road,1,13.561468124389648,0.0416666679084301,1,17.37361458333333,0,history_replay
2024-03-21 21:06:59.754000+00:00,FKID002506,vehicle_breakdown,nan,non-corridor,0,170.9021759033203,0.009677419438958168,0,137.26294234999997,0,history_replay
2024-03-05 05:43:36.951000+00:00,FKID002517,vehicle_breakdown,nan,mysore road,1,41.48183059692383,0.01550387591123581,1,55.2758047,0,history_replay
2024-03-05 06:11:26.730000+00:00,FKID002523,vehicle_breakdown,nan,magadi road,1,119.7770004272461,0.01550387591123581,1,61.61077986666667,0,history_replay
2024-03-05 06:10:17.793000+00:00,FKID002527,vehicle_breakdown,nan,magadi road,1,119.7770004272461,0.01550387591123581,1,64.27595888333333,0,history_replay
2024-03-05 18:12:44.578000+00:00,FKID002541,vehicle_breakdown,nan,bellary road 2,1,13.164361000061035,0.01550387591123581,1,24.362505416666668,0,history_replay
2024-03-05 20:07:08.276000+00:00,FKID002553,vehicle_breakdown,nan,tumkur road,1,31.751747131347656,0.009677419438958168,1,10.195782266666667,0,history_replay
2024-03-22 06:17:24.552000+00:00,FKID002569,vehicle_breakdown,nan,non-corridor,0,362.5357666015625,0.01550387591123581,0,19.4802817,0,history_replay
2024-03-05 23:41:47.800000+00:00,FKID002583,vehicle_breakdown,nan,non-corridor,0,20.889816284179688,0.009677419438958168,0,63.735437633333326,0,history_replay
2024-03-22 20:06:39.956000+00:00,FKID002592,others,nan,orr west 1,1,108.48993682861328,0.01550387591123581,1,20.280152166666667,0,history_replay
2024-03-22 19:54:55.533000+00:00,FKID002598,tree_fall,nan,non-corridor,1,951.3318481445312,0.01550387591123581,1,48.95543648333333,0,history_replay
2024-03-06 10:05:58.775000+00:00,FKID002642,vehicle_breakdown,nan,hosur road,1,96.47808837890625,0.01550387591123581,1,22.988230849999997,0,history_replay
2024-03-07 04:11:24.888000+00:00,FKID002687,vehicle_breakdown,nan,non-corridor,1,92.30574798583984,0.21212121844291687,1,17.2937739,0,history_replay
2024-03-07 04:52:37.268000+00:00,FKID002694,vehicle_breakdown,nan,non-corridor,0,338.789306640625,0.01550387591123581,0,13.885744066666666,0,history_replay
2024-03-23 19:20:00.045000+00:00,FKID002711,vehicle_breakdown,nan,orr north 1,1,154.19639587402344,0.01550387591123581,1,36.730649516666666,0,history_replay
2024-03-07 05:57:33.556000+00:00,FKID002748,water_logging,nan,orr east 2,2,1067.158203125,0.009677419438958168,2,30.67920825,0,history_replay
2024-03-24 00:24:26.981000+00:00,FKID002768,vehicle_breakdown,nan,mysore road,1,10.943743705749512,0.01550387591123581,1,8.7606476,0,history_replay
2024-03-07 06:45:56.876000+00:00,FKID002845,vehicle_breakdown,nan,bellary road 2,1,116.5119857788086,0.01550387591123581,1,151.79433328333334,0,history_replay
2024-03-24 09:05:42.473000+00:00,FKID002846,vehicle_breakdown,nan,orr east 1,1,35.9111213684082,0.01550387591123581,1,16.044057783333333,0,history_replay
2024-03-24 20:39:15.790000+00:00,FKID002857,vehicle_breakdown,nan,mysore road,1,648.4102172851562,0.01550387591123581,1,35.252319033333336,0,history_replay
2024-03-25 00:53:19.534000+00:00,FKID002897,tree_fall,nan,non-corridor,2,782.5128784179688,0.21212121844291687,2,76.98202371666666,0,history_replay
2024-03-26 00:07:44.422000+00:00,FKID002977,vehicle_breakdown,nan,west of chord road,1,313.74810791015625,0.009677419438958168,1,26.33293743333333,0,history_replay
2024-03-26 02:38:08.692000+00:00,FKID002982,vehicle_breakdown,nan,orr east 2,1,120.41143798828125,0.01550387591123581,1,21.892671399999998,0,history_replay
2024-03-26 04:45:01.257000+00:00,FKID003003,water_logging,nan,mysore road,3,60.89350891113281,0.7599999904632568,3,77.6084918,1,history_replay
2024-03-26 04:48:15.987000+00:00,FKID003006,water_logging,nan,mysore road,1,20.71857452392578,0.01550387591123581,2,25.367189333333332,0,history_replay
2024-03-26 04:48:52.183000+00:00,FKID003008,water_logging,nan,bellary road 1,1,48.27402114868164,0.009677419438958168,2,38.08992445,0,history_replay
2024-03-26 04:50:06.556000+00:00,FKID003011,water_logging,nan,bellary road 1,1,48.27402114868164,0.009677419438958168,2,47.5818911,0,history_replay
2024-03-26 05:12:02.328000+00:00,FKID003023,water_logging,nan,non-corridor,0,673.12109375,0.009677419438958168,1,57.1615183,0,history_replay
2024-03-26 05:33:04.122000+00:00,FKID003035,tree_fall,nan,magadi road,1,67.74238586425781,0.01550387591123581,2,9.963474483333332,0,history_replay
2024-03-26 08:12:50.932000+00:00,FKID003068,vehicle_breakdown,nan,non-corridor,1,149.61947631835938,0.0416666679084301,1,84.77698231666666,0,history_replay
2024-03-26 20:59:31.854000+00:00,FKID003080,vehicle_breakdown,nan,mysore road,1,41.691619873046875,0.01550387591123581,1,25.9249495,0,history_replay
2024-03-26 20:48:43.695000+00:00,FKID003083,vehicle_breakdown,nan,orr west 1,1,87.17964172363281,0.01550387591123581,1,73.03041763333334,0,history_replay
2024-03-26 23:52:20.512000+00:00,FKID003095,vehicle_breakdown,nan,mysore road,1,22.14792823791504,0.01550387591123581,1,6.283415033333333,0,history_replay
2024-03-26 23:55:39.238000+00:00,FKID003096,vehicle_breakdown,nan,mysore road,1,22.581274032592773,0.01550387591123581,1,59.30142481666667,0,history_replay
2024-03-27 03:44:19.365000+00:00,FKID003107,vehicle_breakdown,nan,orr east 2,1,182.72592163085938,0.01550387591123581,1,33.80299288333333,0,history_replay
2024-03-27 04:54:47.250000+00:00,FKID003112,vehicle_breakdown,nan,non-corridor,0,210.4765625,0.009677419438958168,0,11.605493183333333,0,history_replay
2024-03-28 20:45:10.408000+00:00,FKID003190,vehicle_breakdown,nan,orr east 1,1,391.06060791015625,0.01550387591123581,1,30.901282016666666,0,history_replay
2024-03-28 21:42:19.589000+00:00,FKID003195,vehicle_breakdown,nan,tumkur road,1,16.471580505371094,0.01550387591123581,1,49.94344546666667,0,history_replay
2024-03-28 22:16:48.686000+00:00,FKID003198,pot_holes,nan,non-corridor,0,72.78569793701172,0.009677419438958168,0,19.206614733333332,0,history_replay
2024-03-28 21:32:51.691000+00:00,FKID003200,vehicle_breakdown,nan,hosur road,1,984.2787475585938,0.01550387591123581,1,99.30421715000001,0,history_replay
2024-03-29 01:16:45.716000+00:00,FKID003222,vehicle_breakdown,nan,non-corridor,0,139.89381408691406,0.009677419438958168,0,30.303397416666666,0,history_replay
2024-03-29 06:38:59.481000+00:00,FKID003240,vehicle_breakdown,nan,non-corridor,0,413.0635681152344,0.01550387591123581,0,29.09114751666667,0,history_replay
2024-03-29 06:41:06.268000+00:00,FKID003241,tree_fall,nan,airport new south road,1,207.8531951904297,0.009677419438958168,2,55.80160463333333,0,history_replay
2024-03-29 07:17:05.716000+00:00,FKID003264,water_logging,nan,non-corridor,1,74.0260238647461,0.01550387591123581,1,33.98230143333333,0,history_replay
2024-03-29 07:24:11.976000+00:00,FKID003267,tree_fall,nan,west of chord road,2,412.02471923828125,0.01550387591123581,2,2.361166116666667,0,history_replay
2024-03-29 07:18:14.022000+00:00,FKID003270,water_logging,nan,non-corridor,1,74.0260238647461,0.01550387591123581,1,31.003522133333334,0,history_replay
2024-03-29 07:25:30.507000+00:00,FKID003273,water_logging,nan,nan,1,79.9896240234375,0.01550387591123581,1,0.9927395166666667,0,history_replay
2024-03-29 07:26:12.353000+00:00,FKID003284,congestion,nan,non-corridor,0,568.2694091796875,0.01550387591123581,1,125.9162801,0,history_replay
2024-03-29 21:45:41.038000+00:00,FKID003323,others,nan,non-corridor,0,1027.0567626953125,0.009677419438958168,0,57.6405702,0,history_replay
2024-03-29 23:12:38.455000+00:00,FKID003343,vehicle_breakdown,nan,bannerghata road,1,268.222900390625,0.009677419438958168,1,79.09793438333332,0,history_replay
2024-03-30 00:13:23.167000+00:00,FKID003344,vehicle_breakdown,nan,orr west 1,1,38.75193786621094,0.009677419438958168,1,15.052173633333332,0,history_replay
2024-03-30 03:08:34.493000+00:00,FKID003361,vehicle_breakdown,nan,orr east 1,1,34.84919738769531,0.009677419438958168,1,30.649880516666666,0,history_replay
2024-03-30 05:10:01.534000+00:00,FKID003366,vehicle_breakdown,nan,old madras road,1,325.6354675292969,0.01550387591123581,1,18.52816173333333,0,history_replay
2024-03-30 19:34:10.996000+00:00,FKID003394,vehicle_breakdown,nan,non-corridor,1,92.22510528564453,0.01550387591123581,0,6.343955466666667,0,history_replay
2024-03-30 20:53:51.926000+00:00,FKID003402,vehicle_breakdown,nan,non-corridor,1,458.1028747558594,0.01550387591123581,1,109.45861035,0,history_replay
2024-03-30 23:26:18.189000+00:00,FKID003414,vehicle_breakdown,nan,tumkur road,1,6.525788307189941,0.009677419438958168,1,2.0504059,0,history_replay
2024-03-31 02:19:00.125000+00:00,FKID003430,others,nan,bellary road 1,1,129.32769775390625,0.01550387591123581,1,21.594104683333335,0,history_replay
2024-03-31 02:25:53.854000+00:00,FKID003436,vehicle_breakdown,nan,non-corridor,0,17.483861923217773,0.009677419438958168,0,123.76114394999999,0,history_replay
2024-03-31 06:40:30.789000+00:00,FKID003451,vehicle_breakdown,nan,non-corridor,2,62.027793884277344,0.21212121844291687,1,8.768508033333335,0,history_replay
2024-03-31 19:17:43.540000+00:00,FKID003468,vehicle_breakdown,nan,bellary road 1,1,101.84758758544922,0.01550387591123581,1,24.24073986666667,0,history_replay
2024-04-01 05:25:38.906000+00:00,FKID003493,others,nan,tumkur road,1,14.832574844360352,0.0416666679084301,1,92.57581136666666,0,history_replay
2024-04-01 08:43:56.797000+00:00,FKID003497,accident,nan,bellary road 2,1,22.42461395263672,0.01550387591123581,2,111.00052843333333,0,history_replay
2024-04-01 18:28:41.937000+00:00,FKID003499,vehicle_breakdown,nan,orr north 2,1,18.529022216796875,0.01550387591123581,1,75.40505538333333,0,history_replay
2024-04-01 18:53:03.655000+00:00,FKID003500,vehicle_breakdown,nan,non-corridor,1,116.52515411376953,0.01550387591123581,1,68.49113005,0,history_replay
2024-04-02 06:49:30.630000+00:00,FKID003545,vehicle_breakdown,nan,bellary road 1,1,380.71893310546875,0.01550387591123581,1,79.2974488,0,history_replay
2024-04-03 01:57:01.824000+00:00,FKID003587,vehicle_breakdown,nan,tumkur road,1,7.949845790863037,0.01550387591123581,1,59.305708083333336,0,history_replay
2024-04-03 03:31:30.763000+00:00,FKID003594,vehicle_breakdown,nan,mysore road,1,62.764583587646484,0.01550387591123581,1,115.65848086666666,0,history_replay
2024-04-03 06:34:08.261000+00:00,FKID003607,vehicle_breakdown,nan,tumkur road,1,74.74502563476562,0.0416666679084301,1,36.63884388333334,0,history_replay
2024-04-03 07:06:03.851000+00:00,FKID003618,tree_fall,nan,orr north 1,3,1928.02490234375,0.7599999904632568,3,91.21919121666666,1,history_replay
2024-04-03 07:12:10.845000+00:00,FKID003624,water_logging,nan,bellary road 1,1,281.406982421875,0.01550387591123581,2,47.057578199999995,0,history_replay
2024-04-03 07:24:11.255000+00:00,FKID003631,water_logging,nan,mysore road,1,46.706398010253906,0.01550387591123581,2,41.50739275,0,history_replay
2024-04-03 08:31:52.609000+00:00,FKID003648,vehicle_breakdown,nan,tumkur road,1,20.042116165161133,0.01550387591123581,1,27.599997716666667,0,history_replay
2024-04-03 20:18:23.041000+00:00,FKID003670,vehicle_breakdown,nan,bellary road 2,1,57.38036346435547,0.01550387591123581,1,96.70297571666667,0,history_replay
2024-04-03 21:10:34.720000+00:00,FKID003678,others,nan,non-corridor,0,684.1510009765625,0.009677419438958168,0,63.648181349999994,0,history_replay
2024-04-03 21:31:02.061000+00:00,FKID003689,others,nan,bellary road 1,1,157.80157470703125,0.01550387591123581,1,72.40414826666667,0,history_replay
2024-04-03 21:57:39.937000+00:00,FKID003693,vehicle_breakdown,nan,bannerghata road,1,2108.273193359375,0.009677419438958168,1,122.30917251666666,0,history_replay
2024-04-04 04:35:23.433000+00:00,FKID003725,vehicle_breakdown,nan,non-corridor,0,85.32657623291016,0.01550387591123581,0,39.16560811666667,0,history_replay
2024-04-04 05:40:26.963000+00:00,FKID003733,vehicle_breakdown,nan,tumkur road,1,30.731565475463867,0.0416666679084301,1,112.07015633333334,0,history_replay
2024-04-04 07:20:48.669000+00:00,FKID003745,vehicle_breakdown,nan,orr north 2,2,74.38545227050781,0.01550387591123581,1,123.6661835,0,history_replay
2024-04-05 05:13:30.592000+00:00,FKID003784,vehicle_breakdown,nan,non-corridor,0,92.85376739501953,0.009677419438958168,0,19.6133014,0,history_replay
2024-04-05 05:45:36.677000+00:00,FKID003785,vehicle_breakdown,nan,tumkur road,2,22.080663681030273,0.7599999904632568,2,22.866417416666664,0,history_replay
2024-04-05 08:25:15.248000+00:00,FKID003812,water_logging,nan,non-corridor,1,769.47509765625,0.0416666679084301,1,40.03074528333333,0,history_replay
2024-04-05 08:24:04.921000+00:00,FKID003813,tree_fall,nan,orr west 1,1,109.22098541259766,0.01550387591123581,2,72.61775473333334,0,history_replay
2024-04-05 09:08:53.845000+00:00,FKID003824,water_logging,nan,hosur road,2,305.19244384765625,0.01550387591123581,2,49.00152443333333,0,history_replay
2024-04-06 07:07:41.135000+00:00,FKID003944,tree_fall,nan,non-corridor,2,586.8544311523438,0.21212121844291687,2,44.1921915,0,history_replay
2024-04-06 07:37:42.658000+00:00,FKID003967,tree_fall,nan,non-corridor,1,323.6833190917969,0.01550387591123581,1,64.03180449999999,0,history_replay
2024-04-06 23:39:25.869000+00:00,FKID004020,vehicle_breakdown,nan,mysore road,1,25.290321350097656,0.01550387591123581,1,86.21060556666666,0,history_replay
2024-04-07 00:09:16.756000+00:00,FKID004026,vehicle_breakdown,nan,non-corridor,0,449.71282958984375,0.009677419438958168,0,13.937764283333333,0,history_replay
2024-04-07 02:35:52.603000+00:00,FKID004038,vehicle_breakdown,nan,tumkur road,1,22.785919189453125,0.009677419438958168,1,100.47900773333335,0,history_replay
2024-04-07 06:03:09.345000+00:00,FKID004063,tree_fall,nan,non-corridor,2,579.1506958007812,0.21212121844291687,2,53.07258183333333,0,history_replay
2024-04-07 08:39:17.406000+00:00,FKID004078,vehicle_breakdown,nan,non-corridor,1,178.9903106689453,0.0416666679084301,0,49.50281723333333,0,history_replay
2024-04-07 21:55:52.106000+00:00,FKID004099,vehicle_breakdown,nan,bellary road 1,1,58.90549850463867,0.009677419438958168,1,10.468071333333334,0,history_replay
2024-04-08 02:33:27.447000+00:00,FKID004111,vehicle_breakdown,nan,non-corridor,0,47.0689582824707,0.009677419438958168,0,16.323145383333333,0,history_replay
2024-04-08 07:46:41.053000+00:00,FKID004113,others,nan,non-corridor,0,374.82110595703125,0.009677419438958168,0,25.01378635,0,history_replay
2024-04-08 02:58:54.820000+00:00,FKID004114,vehicle_breakdown,nan,old madras road,1,42.40254211425781,0.009677419438958168,1,26.570824366666667,0,history_replay
2024-04-08 11:18:02.081000+00:00,FKID004120,vehicle_breakdown,nan,tumkur road,1,6.669226169586182,0.0416666679084301,1,35.686632450000005,0,history_replay
2024-01-01 19:27:58.270000+00:00,FKID004137,construction,nan,airport new south road,1,52.10458755493164,0.375,3,364.60111866666665,1,history_replay
2023-12-25 23:07:09.569000+00:00,FKID004189,accident,nan,non-corridor,0,408.40936279296875,0.009677419438958168,1,43.29526675,0,history_replay
2024-01-03 04:21:29.885000+00:00,FKID004210,vehicle_breakdown,nan,non-corridor,0,13.910290718078613,0.0,0,51.47168045,0,history_replay
2024-01-16 23:35:40.876000+00:00,FKID004222,vehicle_breakdown,nan,non-corridor,0,147.24647521972656,0.009677419438958168,0,9.259744333333334,0,history_replay
2024-01-17 00:34:20.663000+00:00,FKID004223,vehicle_breakdown,nan,orr north 2,1,17.4121036529541,0.009677419438958168,1,73.26354786666667,0,history_replay
2024-01-18 00:26:44.741000+00:00,FKID004231,vehicle_breakdown,nan,non-corridor,0,30.48108673095703,0.009677419438958168,0,17.014181316666665,0,history_replay
2024-01-19 06:23:20.709000+00:00,FKID004277,vehicle_breakdown,nan,bellary road 1,1,72.3670883178711,0.009677419438958168,1,111.53120048333334,0,history_replay
2023-11-30 03:47:12.367000+00:00,FKID004284,vehicle_breakdown,nan,mysore road,1,6.084035873413086,0.009677419438958168,1,7.899234916666667,0,history_replay
2023-11-30 23:28:35.932000+00:00,FKID004312,vehicle_breakdown,nan,orr east 1,1,75.59501647949219,0.009677419438958168,1,79.75770394999999,0,history_replay
2023-12-01 02:53:57.430000+00:00,FKID004316,congestion,nan,non-corridor,0,35.105194091796875,0.01550387591123581,1,8.53112645,0,history_replay
2023-12-01 03:54:22.962000+00:00,FKID004318,vehicle_breakdown,nan,non-corridor,0,28.757404327392578,0.01550387591123581,0,15.054321499999999,0,history_replay
2023-11-11 12:45:29.415000+00:00,FKID004433,vehicle_breakdown,nan,orr north 2,2,13.343806266784668,0.7599999904632568,2,47.18853848333333,0,history_replay
2023-11-11 20:39:07.208000+00:00,FKID004440,vehicle_breakdown,nan,bellary road 1,1,17.921842575073242,0.01550387591123581,1,84.78185871666666,0,history_replay
2024-01-21 00:23:56.580000+00:00,FKID004443,vehicle_breakdown,nan,non-corridor,0,96.1818618774414,0.009677419438958168,0,104.65397676666666,0,history_replay
2023-12-06 05:18:54.865000+00:00,FKID004463,others,nan,non-corridor,0,18.008546829223633,0.009677419438958168,0,34.33242193333333,0,history_replay
2024-01-08 05:12:07.189000+00:00,FKID004475,vehicle_breakdown,nan,bellary road 1,1,15.606776237487793,0.009677419438958168,1,66.08000601666667,0,history_replay
2023-11-13 20:48:32.053000+00:00,FKID004497,accident,nan,bellary road 1,1,42.94182205200195,0.01550387591123581,2,77.10802596666667,0,history_replay
2024-01-22 02:44:56.727000+00:00,FKID004511,vehicle_breakdown,nan,non-corridor,0,38.37637710571289,0.009677419438958168,0,68.62886456666666,0,history_replay
2023-12-07 06:22:29.776000+00:00,FKID004529,vehicle_breakdown,nan,mysore road,1,47.759559631347656,0.009677419438958168,1,112.81719833333334,0,history_replay
2023-11-15 04:03:41.064000+00:00,FKID004546,vehicle_breakdown,nan,non-corridor,0,10.223331451416016,0.0,0,13.8765319,0,history_replay
2023-12-07 19:36:11.456000+00:00,FKID004550,vehicle_breakdown,nan,orr east 1,1,38.588932037353516,0.009677419438958168,1,13.849933383333333,0,history_replay
2023-11-15 05:40:35.620000+00:00,FKID004552,accident,nan,orr east 1,1,21.96158790588379,0.009677419438958168,2,29.571941783333333,0,history_replay
2024-01-09 06:14:04.003000+00:00,FKID004561,vehicle_breakdown,nan,non-corridor,0,73.80601501464844,0.01550387591123581,0,55.27947091666667,0,history_replay
2023-12-08 02:31:46+00:00,FKID004577,vehicle_breakdown,nan,non-corridor,0,157.66363525390625,0.05882352963089943,0,,0,history_replay
2023-12-08 07:10:51.172000+00:00,FKID004595,vehicle_breakdown,nan,non-corridor,0,26.415081024169922,0.0,0,55.859611666666666,0,history_replay
2023-12-08 10:13:32.377000+00:00,FKID004604,vehicle_breakdown,nan,orr north 2,1,8.588068962097168,0.01550387591123581,1,7.5481027166666665,0,history_replay
2023-11-17 01:10:29.045000+00:00,FKID004606,vehicle_breakdown,nan,bellary road 1,1,13.001873970031738,0.009677419438958168,1,33.71249048333333,0,history_replay
2023-11-17 20:22:41.420000+00:00,FKID004612,vehicle_breakdown,nan,non-corridor,1,33.58287811279297,0.01550387591123581,0,39.28716648333333,0,history_replay
2024-01-10 05:21:22.836000+00:00,FKID004633,vehicle_breakdown,nan,non-corridor,0,61.02334976196289,0.009677419438958168,0,17.692932883333334,0,history_replay
2024-01-22 21:16:37.242000+00:00,FKID004655,vehicle_breakdown,nan,non-corridor,0,330.4166564941406,0.009677419438958168,0,52.71905041666666,0,history_replay
2023-11-19 23:50:32.035000+00:00,FKID004699,vehicle_breakdown,nan,non-corridor,1,133.44235229492188,0.0,0,40.976809116666665,0,history_replay
2023-11-22 00:49:01.318000+00:00,FKID004748,vehicle_breakdown,nan,orr north 2,1,4.147337436676025,0.009677419438958168,1,26.215256266666664,0,history_replay
2023-11-22 13:59:31.290000+00:00,FKID004770,vehicle_breakdown,nan,non-corridor,0,56.41611862182617,0.0416666679084301,0,44.05130068333334,0,history_replay
2024-01-23 21:53:36.624000+00:00,FKID004774,vehicle_breakdown,nan,non-corridor,0,518.9624633789062,0.009677419438958168,0,156.2564053,0,history_replay
2024-01-12 03:53:58.709000+00:00,FKID004778,vehicle_breakdown,nan,non-corridor,0,16.287731170654297,0.0,0,45.4172374,0,history_replay
2023-12-11 20:17:56.180000+00:00,FKID004795,construction,nan,airport new south road,1,100.23712921142578,0.375,3,419.0733540666667,1,history_replay
2023-11-23 05:09:59.682000+00:00,FKID004797,vehicle_breakdown,nan,non-corridor,0,98.52032470703125,0.009677419438958168,0,52.3679289,0,history_replay
2023-11-23 20:07:10.432000+00:00,FKID004822,construction,nan,non-corridor,1,126.10252380371094,0.01550387591123581,1,3.4467353833333334,0,history_replay
2023-11-24 20:03:33.494000+00:00,FKID004827,vehicle_breakdown,nan,non-corridor,1,9.481168746948242,0.01550387591123581,1,63.62485048333333,0,history_replay
2023-12-12 04:26:21.544000+00:00,FKID004843,vehicle_breakdown,nan,non-corridor,0,33.13900375366211,0.0,0,41.34313795,0,history_replay
2023-11-25 05:40:10.246000+00:00,FKID004844,others,nan,orr north 2,1,7.0808796882629395,0.01550387591123581,1,74.58705141666665,0,history_replay
2023-11-25 23:03:37.333000+00:00,FKID004855,others,nan,non-corridor,0,235.7361602783203,0.009677419438958168,0,79.93364358333334,0,history_replay
2023-11-25 23:42:35.994000+00:00,FKID004857,vehicle_breakdown,nan,orr north 1,1,142.34767150878906,0.009677419438958168,1,36.747132416666666,0,history_replay
2023-11-26 06:32:02.176000+00:00,FKID004875,vehicle_breakdown,nan,non-corridor,0,27.258686065673828,0.0,0,18.1232739,0,history_replay
2024-01-12 22:17:06.846000+00:00,FKID004899,road_conditions,nan,non-corridor,0,22.193906784057617,0.009677419438958168,0,18.664876366666665,0,history_replay
2024-01-24 19:17:04.400000+00:00,FKID004912,others,nan,magadi road,1,75.89982604980469,0.01550387591123581,1,48.009267783333335,0,history_replay
2023-11-27 19:04:48.648000+00:00,FKID004914,vehicle_breakdown,nan,mysore road,1,8.496367454528809,0.009677419438958168,1,34.983110116666666,0,history_replay
2023-11-27 18:47:56.845000+00:00,FKID004915,vehicle_breakdown,nan,bellary road 1,1,28.289491653442383,0.009677419438958168,1,110.57912203333333,0,history_replay
2023-11-27 20:32:33.805000+00:00,FKID004916,vehicle_breakdown,nan,non-corridor,1,521.7214965820312,0.01550387591123581,0,29.094076266666665,0,history_replay
2023-12-13 20:24:34.015000+00:00,FKID004949,vehicle_breakdown,nan,non-corridor,1,459.9006652832031,0.01550387591123581,1,90.77372385,0,history_replay
2023-12-13 20:53:27.960000+00:00,FKID004954,vehicle_breakdown,nan,non-corridor,1,224.167724609375,0.01550387591123581,0,46.3259174,0,history_replay
2024-01-25 06:25:23.261000+00:00,FKID004987,vehicle_breakdown,nan,non-corridor,0,177.27207946777344,0.01550387591123581,0,62.41803623333333,0,history_replay
2024-01-26 23:55:27.357722+00:00,FKID005041,accident,nan,non-corridor,0,92.94010162353516,0.009677419438958168,1,73.76595049999999,0,history_replay
2023-12-17 02:07:42.781000+00:00,FKID005100,vehicle_breakdown,nan,non-corridor,0,9.986710548400879,0.009677419438958168,0,70.50113398333333,0,history_replay
2023-12-17 06:51:49.650000+00:00,FKID005106,vehicle_breakdown,nan,magadi road,1,9.850014686584473,0.0416666679084301,1,16.718276533333334,0,history_replay
2023-12-18 05:07:07.889000+00:00,FKID005127,procession,nan,non-corridor,0,299.5123291015625,0.009677419438958168,2,58.20283951666667,0,history_replay
2023-12-21 19:10:20.255000+00:00,FKID005155,vehicle_breakdown,nan,orr east 1,1,38.588932037353516,0.009677419438958168,1,43.20982215,0,history_replay
2024-01-29 05:41:09.688000+00:00,FKID005162,vehicle_breakdown,nan,bellary road 2,1,8.657583236694336,0.01550387591123581,1,142.36468729999999,0,history_replay
2024-01-29 17:08:48.665000+00:00,FKID005171,vehicle_breakdown,ayyappatemplejunc,hosur road,1,25.803852081298828,0.01550387591123581,1,63.03992563333334,0,history_replay
2024-01-29 21:04:12.901000+00:00,FKID005178,vehicle_breakdown,nan,orr west 1,1,190.40196228027344,0.009677419438958168,1,4.3907913333333335,0,history_replay
2023-11-10 06:06:31.253000+00:00,FKID005200,vehicle_breakdown,nan,hennur main road,1,258.5833740234375,0.009677419438958168,1,75.17017265,0,history_replay
2023-11-17 05:38:28.352000+00:00,FKID005221,vehicle_breakdown,nan,bellary road 1,1,23.634620666503906,0.01550387591123581,1,36.82487128333333,0,history_replay
2023-11-22 00:55:25.585000+00:00,FKID005235,others,nan,orr east 2,1,4.748916149139404,0.0416666679084301,2,695.0349998500001,1,history_replay
2023-11-22 06:57:10.465000+00:00,FKID005237,vehicle_breakdown,nan,bellary road 1,1,39.785743713378906,0.01550387591123581,1,42.97605128333333,0,history_replay
2023-11-29 00:10:24.484000+00:00,FKID005256,vehicle_breakdown,nan,non-corridor,0,15.68823528289795,0.0,0,23.25843605,0,history_replay
2023-12-10 08:34:49.149000+00:00,FKID005285,vehicle_breakdown,nan,varthur road,1,64.60945129394531,0.0,1,9.96850835,0,history_replay
2023-12-14 22:54:32.355000+00:00,FKID005289,vehicle_breakdown,nan,non-corridor,0,218.01864624023438,0.009677419438958168,0,45.659029499999995,0,history_replay
2023-12-15 19:49:19.392000+00:00,FKID005293,vehicle_breakdown,nan,orr north 1,1,50.841835021972656,0.009677419438958168,1,144.15670458333335,0,history_replay
2023-12-15 21:16:05.869000+00:00,FKID005298,vehicle_breakdown,nan,orr north 2,1,10.33779239654541,0.009677419438958168,1,56.45296956666667,0,history_replay
2023-12-17 20:57:48.005000+00:00,FKID005348,vehicle_breakdown,nan,non-corridor,1,14.38179874420166,0.009677419438958168,0,14.3899262,0,history_replay
2023-12-17 21:53:28.043000+00:00,FKID005349,vehicle_breakdown,nan,mysore road,1,51.14533996582031,0.009677419438958168,1,30.176836466666668,0,history_replay
2023-12-19 02:22:05.197000+00:00,FKID005382,vehicle_breakdown,nan,non-corridor,0,19.88448715209961,0.009677419438958168,0,81.4365754,0,history_replay
2023-12-20 22:55:27.056000+00:00,FKID005420,others,nan,mysore road,1,32.639251708984375,0.009677419438958168,1,63.2420943,0,history_replay
2023-12-21 04:24:08.096000+00:00,FKID005429,vehicle_breakdown,nan,orr east 2,1,54.33687210083008,0.009677419438958168,1,92.9163563,0,history_replay
2023-12-21 05:57:23.185000+00:00,FKID005430,vehicle_breakdown,nan,bellary road 1,1,59.20378875732422,0.01550387591123581,1,147.61173708333334,0,history_replay
2023-12-21 23:35:34.517000+00:00,FKID005445,vehicle_breakdown,nan,orr north 2,1,6.102854251861572,0.009677419438958168,1,11.028707233333334,0,history_replay
2023-12-23 00:39:22.773000+00:00,FKID005460,water_logging,nan,non-corridor,0,97.02376556396484,0.009677419438958168,2,197.33674348333335,0,history_replay
2023-12-23 03:58:21.406000+00:00,FKID005464,construction,nan,airport new south road,1,69.92803192138672,0.009677419438958168,2,6.968827316666666,0,history_replay
2023-12-23 05:08:11.498000+00:00,FKID005465,accident,nan,orr north 1,1,169.46817016601562,0.009677419438958168,2,50.145977466666665,0,history_replay
2023-12-24 09:05:05.136000+00:00,FKID005495,vehicle_breakdown,nan,non-corridor,1,176.1491241455078,0.009677419438958168,1,69.26106918333333,0,history_replay
2023-12-25 06:36:46.826000+00:00,FKID005502,vehicle_breakdown,nan,non-corridor,0,38.30171585083008,0.009677419438958168,0,75.54407861666667,0,history_replay
2023-12-25 22:38:51.626000+00:00,FKID005514,vehicle_breakdown,nan,tumkur road,1,14.416884422302246,0.009677419438958168,1,40.023663983333336,0,history_replay
2023-12-28 06:47:46.964000+00:00,FKID005556,vehicle_breakdown,nan,non-corridor,0,201.6548614501953,0.009677419438958168,0,78.09253493333334,0,history_replay
2023-12-29 00:04:20.725000+00:00,FKID005572,vehicle_breakdown,nan,bellary road 1,1,32.65860366821289,0.009677419438958168,1,24.70797813333333,0,history_replay
2023-12-29 07:54:20.410000+00:00,FKID005581,vehicle_breakdown,nan,bellary road 1,1,38.926212310791016,0.0,1,27.943233333333335,0,history_replay
2023-12-30 00:46:00.469000+00:00,FKID005596,vehicle_breakdown,nan,orr north 2,1,45.59436798095703,0.009677419438958168,1,50.827219183333334,0,history_replay
2024-01-04 01:14:39.821000+00:00,FKID005649,vehicle_breakdown,nan,orr east 2,1,3.898524284362793,0.0416666679084301,1,30.941467199999998,0,history_replay
2024-01-09 09:06:29.490000+00:00,FKID005660,others,nan,non-corridor,1,189.03720092773438,0.01550387591123581,1,614.3931757833333,0,history_replay
2024-01-17 18:33:25.191000+00:00,FKID005735,vehicle_breakdown,nan,orr north 2,1,14.30341911315918,0.01550387591123581,1,78.82542815000001,0,history_replay
2023-11-10 00:31:14.562000+00:00,FKID005770,vehicle_breakdown,toll gate mysore road,mysore road,1,11.477314949035645,0.0,1,29.369336083333334,0,history_replay
2023-11-10 03:21:00.257000+00:00,FKID005778,vehicle_breakdown,peenyapolicestation,tumkur road,1,3.1874403953552246,0.0,1,18.19665601666667,0,history_replay
2023-11-10 08:43:53.240000+00:00,FKID005786,vehicle_breakdown,veerasandragatejunction,non-corridor,1,70.1262435913086,0.0416666679084301,0,22.123204533333332,0,history_replay
2023-11-10 19:23:34.823000+00:00,FKID005788,vehicle_breakdown,naganathapurajunction,hosur road,1,12.321038246154785,0.009677419438958168,1,88.40484938333334,0,history_replay
2023-11-11 01:11:03.087000+00:00,FKID005807,vehicle_breakdown,margosard-18thcrossjunc,non-corridor,0,19.688169479370117,0.0,0,71.16974789999999,0,history_replay
2023-11-11 20:06:30.999000+00:00,FKID005825,vehicle_breakdown,nandicross(ranicross),non-corridor,1,67.24810028076172,0.01550387591123581,1,107.3207998,0,history_replay
2023-11-13 03:55:33.794000+00:00,FKID005855,vehicle_breakdown,sagartheatrejunc,non-corridor,0,3.9138004779815674,0.0,0,64.19872528333333,0,history_replay
2023-11-14 02:01:21.512000+00:00,FKID005881,vehicle_breakdown,sattelitebusstandjunc,mysore road,1,3.2176437377929688,0.0,1,24.4252093,0,history_replay
2023-11-14 02:25:51.726000+00:00,FKID005883,vehicle_breakdown,toll gate mysore road,mysore road,1,47.14149856567383,0.0,1,90.33891258333333,0,history_replay
2023-11-14 06:23:12.182000+00:00,FKID005892,vehicle_breakdown,maratahallibridgejunc,varthur road,1,62.19441604614258,0.0,1,53.12340725,0,history_replay
2023-11-14 07:31:09.801000+00:00,FKID005894,vehicle_breakdown,hennurroad-orr junc,airport new south road,1,9.715560913085938,0.0,1,51.91812203333333,0,history_replay
2023-11-14 08:29:03.998000+00:00,FKID005895,vehicle_breakdown,ms ramaiahjunc(tollgate),tumkur road,1,4.178114891052246,0.009677419438958168,1,63.94471371666667,0,history_replay
2023-11-14 20:55:02.629000+00:00,FKID005902,vehicle_breakdown,policecornerjunc,mysore road,2,4.6194562911987305,0.009677419438958168,2,42.883703016666665,0,history_replay
2023-11-15 01:51:41.669000+00:00,FKID005918,congestion,dr tcm royanrd near ambedkarstatue,non-corridor,0,6.050581932067871,0.0,1,55.54801945,0,history_replay
2023-11-15 05:45:32.623000+00:00,FKID005924,vehicle_breakdown,koramangalawatertankjunc,irr(thanisandra road),1,481.4735412597656,0.01550387591123581,1,47.083670383333335,0,history_replay
2023-11-15 09:39:37.262000+00:00,FKID005928,accident,sandeepunnikrishnan-yelhanka,non-corridor,1,3.5029282569885254,0.01550387591123581,2,85.21886508333334,0,history_replay
2023-11-15 09:53:10.689000+00:00,FKID005929,vehicle_breakdown,sattelitebusstandjunc,mysore road,1,2.9999003410339355,0.0,1,5.5721584166666664,0,history_replay
2023-11-15 19:07:57.478000+00:00,FKID005931,vehicle_breakdown,yelhankacircle,bellary road 2,1,7.84073543548584,0.0416666679084301,1,7.866056400000001,0,history_replay
2023-11-15 21:10:06.211000+00:00,FKID005939,vehicle_breakdown,maratahallibridgejunc,varthur road,1,19.045284271240234,0.0,1,78.65082263333333,0,history_replay
2023-11-16 06:50:55.756000+00:00,FKID005965,vehicle_breakdown,bagalurcrossjunc,bellary road 2,1,8.191391944885254,0.01550387591123581,1,68.16662336666667,0,history_replay
2023-11-17 03:58:57.946000+00:00,FKID006001,vehicle_breakdown,millcornerrd-sampigerdjunc,non-corridor,0,47.19268798828125,0.0,0,84.26732303333333,0,history_replay
2023-11-17 14:04:05.449000+00:00,FKID006007,accident,yelhankacircle,bellary road 2,1,7.361593246459961,0.0416666679084301,2,59.43833245,0,history_replay
2023-11-18 01:41:48.468000+00:00,FKID006024,vehicle_breakdown,sattelitebusstandjunc,mysore road,1,3.7356679439544678,0.0,1,14.931522066666668,0,history_replay
2023-11-18 09:40:27.425000+00:00,FKID006036,vehicle_breakdown,sadashivnagarjunc,non-corridor,0,17.849502563476562,0.01550387591123581,0,13.487757566666666,0,history_replay
2023-11-19 00:13:11.488000+00:00,FKID006050,vehicle_breakdown,sadashivnagarjunc,non-corridor,0,3.7757880687713623,0.01550387591123581,0,12.550240633333335,0,history_replay
2023-11-19 04:39:44.397000+00:00,FKID006060,vehicle_breakdown,kundanahalligatejunc,varthur road,1,27.703882217407227,0.0,1,162.0267134,0,history_replay
2023-11-19 18:45:33.601000+00:00,FKID006067,vehicle_breakdown,bigbazaar(whitefield)junc,non-corridor,0,1.7657750844955444,0.0,0,26.36466031666667,0,history_replay
2023-11-19 19:15:08.738000+00:00,FKID006068,vehicle_breakdown,ms ramaiahjunc(tollgate),tumkur road,1,5.566844463348389,0.0,1,50.51885516666667,0,history_replay
2023-11-19 20:58:06.516000+00:00,FKID006072,vehicle_breakdown,yelhankabypass,bellary road 2,1,2.0300354957580566,0.009677419438958168,1,74.97160621666667,0,history_replay
2023-11-20 09:15:15.745000+00:00,FKID006083,vehicle_breakdown,urvashijunction,non-corridor,0,4.481146335601807,0.009677419438958168,0,16.688940616666667,0,history_replay
2023-11-20 22:44:45.710000+00:00,FKID006103,vehicle_breakdown,yeshwanthpuracircle,tumkur road,1,7.904092311859131,0.0,1,2.1166342,0,history_replay
2023-11-21 02:42:50.654000+00:00,FKID006109,vehicle_breakdown,johnsonmarket,mysore road,1,34.13356018066406,0.0,1,70.3720422,0,history_replay
2023-11-21 03:38:23.959000+00:00,FKID006111,vehicle_breakdown,kogillucrossjunc,bellary road 2,1,4.211048126220703,0.01550387591123581,1,37.210154933333335,0,history_replay
2023-11-21 19:37:57.607000+00:00,FKID006124,accident,ramamurthynagarjunction,orr north 1,1,27.701801300048828,0.01550387591123581,2,21.757424,0,history_replay
2023-11-21 20:20:18.888000+00:00,FKID006126,vehicle_breakdown,siddalingaiahcircle,mysore road,1,6.288205623626709,0.0,1,34.755479933333326,0,history_replay
2023-11-22 01:39:03.012000+00:00,FKID006141,vehicle_breakdown,motherteressacircle,mysore road,1,12.570425033569336,0.0,1,23.28740005,0,history_replay
2023-11-22 06:16:13.466000+00:00,FKID006149,vehicle_breakdown,dr tcm royanrd near ambedkarstatue,mysore road,1,3.515566110610962,0.0,1,53.03763343333333,0,history_replay
2023-11-22 06:54:24.776000+00:00,FKID006150,vehicle_breakdown,leprosyhospitaljunc,magadi road,1,23.94052505493164,0.0,1,69.13833371666666,0,history_replay
2023-11-22 18:46:57.493000+00:00,FKID006161,vehicle_breakdown,goruguntepalyajunc,tumkur road,1,11.407557487487793,0.0,1,29.652116483333334,0,history_replay
2023-11-23 04:00:05.970000+00:00,FKID006180,vehicle_breakdown,mekhricircle,bellary road 1,1,13.689454078674316,0.009677419438958168,1,6.392379616666667,0,history_replay
2023-11-24 04:42:05.721000+00:00,FKID006191,vehicle_breakdown,lrde junction,bellary road 1,1,9.510380744934082,0.009677419438958168,1,48.415913599999996,0,history_replay
2023-11-24 20:55:48.768000+00:00,FKID006198,vehicle_breakdown,yeshwanthpuracircle,tumkur road,1,8.387652397155762,0.0,1,115.87354140000001,0,history_replay
2023-11-26 03:54:55.646000+00:00,FKID006225,vehicle_breakdown,toll gate mysore road,mysore road,1,16.236928939819336,0.0,1,150.89506383333335,0,history_replay
2023-11-27 07:40:09.297000+00:00,FKID006251,vehicle_breakdown,leprosyhospitaljunc,magadi road,1,64.33366394042969,0.009677419438958168,1,140.95731608333332,0,history_replay
2023-11-27 19:48:02.285000+00:00,FKID006255,others,maratahallibridgejunc,orr east 1,1,53.049251556396484,0.0,1,99.96852326666666,0,history_replay
2023-11-27 22:09:25.255000+00:00,FKID006263,vehicle_breakdown,itmadujunction,orr west 1,1,36.4631462097168,0.0,1,116.45913183333333,0,history_replay
2023-11-27 23:32:27.120000+00:00,FKID006269,vehicle_breakdown,jalahallicross(sm circle),tumkur road,1,4.013825416564941,0.0,1,17.136627316666665,0,history_replay
2023-11-28 06:10:34.936000+00:00,FKID006285,vehicle_breakdown,policecornerjunc,mysore road,1,4.955472469329834,0.0,1,4.311332166666667,0,history_replay
2023-11-28 21:13:22.433000+00:00,FKID006300,vehicle_breakdown,bmtcjunction-k h road,non-corridor,0,8.816843032836914,0.0,0,8.666933766666666,0,history_replay
2023-11-29 01:33:55.616000+00:00,FKID006309,vehicle_breakdown,n r squarejunc,mysore road,2,3.6947760581970215,0.21212121844291687,2,18.3150515,0,history_replay
2023-11-29 20:54:03.746000+00:00,FKID006331,road_conditions,mekhricircle,bellary road 1,1,7.81289005279541,0.009677419438958168,1,31.613101583333332,0,history_replay
2023-11-30 20:57:11.118000+00:00,FKID006371,others,policetimmaiahcircle(gpo),cbd 2,1,30.783954620361328,0.0,1,135.58937761666667,0,history_replay
2023-11-30 21:04:01.351000+00:00,FKID006372,vehicle_breakdown,tvs crossjunction,non-corridor,0,43.203041076660156,0.0,0,74.80607221666668,0,history_replay
2023-12-01 01:23:44.985000+00:00,FKID006379,vehicle_breakdown,k r circle,non-corridor,0,20.10742950439453,0.0,0,39.06277933333333,0,history_replay
2023-12-01 07:36:07.294000+00:00,FKID006393,vehicle_breakdown,sirsicircle,mysore road,1,4.849635601043701,0.009677419438958168,1,10.356196149999999,0,history_replay
2023-12-01 22:59:43.476000+00:00,FKID006405,vehicle_breakdown,hennurroad-orr junc,airport new south road,1,8.277643203735352,0.009677419438958168,1,19.595001083333333,0,history_replay
2023-12-02 11:25:50.828000+00:00,FKID006419,others,bel circle,orr north 2,1,33.05546188354492,0.21212121844291687,2,425.97661755,1,history_replay
2023-12-02 22:27:11.915000+00:00,FKID006433,vehicle_breakdown,anilkumblecircle,old madras road,1,115.6152114868164,0.0,1,78.62757426666667,0,history_replay
2023-12-03 06:52:26.563000+00:00,FKID006452,vehicle_breakdown,bommanahalli,hosur road,1,84.43586730957031,0.0,1,1.4245817833333334,0,history_replay
2023-12-03 20:52:08.263000+00:00,FKID006463,vehicle_breakdown,leprosyhospitaljunc,magadi road,1,36.967037200927734,0.0,1,31.16099865,0,history_replay
2023-12-04 03:08:41.020000+00:00,FKID006469,vehicle_breakdown,trinitycircle,old madras road,1,8.17091178894043,0.0,1,35.652395733333336,0,history_replay
2023-12-06 04:39:57.286000+00:00,FKID006531,vehicle_breakdown,hallithindi,non-corridor,0,93.08052062988281,0.009677419438958168,0,78.53859609999999,0,history_replay
2023-12-07 02:01:09.893000+00:00,FKID006557,vehicle_breakdown,hennurroad-orr junc,airport new south road,1,6.716252326965332,0.009677419438958168,1,100.85719166666667,0,history_replay
2023-12-07 04:29:29.309000+00:00,FKID006573,vehicle_breakdown,townhalljunction,mysore road,1,3.6767983436584473,0.0,1,60.66095205,0,history_replay
2023-12-07 04:47:53.659000+00:00,FKID006575,vehicle_breakdown,yeshwanthpuracircle,cbd 2,1,94.19313049316406,0.0,1,32.96513973333334,0,history_replay
2023-12-07 22:57:40.951000+00:00,FKID006590,vehicle_breakdown,policetimmaiahcircle(gpo),cbd 2,1,65.06178283691406,0.0,1,11.7920497,0,history_replay
2023-12-08 01:58:02.820000+00:00,FKID006599,vehicle_breakdown,tc palya-om roadjunc,non-corridor,0,5.356301307678223,0.009677419438958168,0,154.20150111666666,0,history_replay
2023-12-08 04:52:21.929000+00:00,FKID006608,vehicle_breakdown,tumkurrdmarappanapalyajunc,tumkur road,1,13.300713539123535,0.0,1,36.74255311666666,0,history_replay
2023-12-09 05:05:33.317000+00:00,FKID006652,vehicle_breakdown,statebankofmysorejunc,non-corridor,0,36.155174255371094,0.0,0,76.01247123333333,0,history_replay
2023-12-10 05:04:03.604000+00:00,FKID006680,vehicle_breakdown,basavamantapajunc-dr rajkumarrd,non-corridor,0,6.820920944213867,0.0,0,16.8068625,0,history_replay
2023-12-10 06:08:34.611000+00:00,FKID006681,vehicle_breakdown,sattelitebusstandjunc,mysore road,1,7.968849182128906,0.0,1,60.08275768333333,0,history_replay
2023-12-11 00:42:25.335000+00:00,FKID006697,vehicle_breakdown,goruguntepalyajunc,tumkur road,1,5.831923007965088,0.0,1,34.993629850000005,0,history_replay
2023-12-11 09:16:55.713000+00:00,FKID006705,accident,oldmadrasrd-indranagar100ftrdjunc,old madras road,1,13.05359935760498,0.0,2,26.898228933333332,0,history_replay
2023-12-11 21:19:47.510000+00:00,FKID006710,vehicle_breakdown,manipalcentrejunc,old madras road,1,61.19740295410156,0.0,1,38.2213697,0,history_replay
2023-12-12 02:03:10.346000+00:00,FKID006719,vehicle_breakdown,townhalljunction,mysore road,1,4.084017753601074,0.0,1,11.709120233333334,0,history_replay
2023-12-12 03:00:44.084000+00:00,FKID006721,others,cmp gatejunc,hosur road,1,110.7541732788086,0.0416666679084301,1,84.10136785,0,history_replay
2023-12-12 16:44:36.305000+00:00,FKID006731,accident,yelhankabypass,bellary road 2,1,5.695523738861084,0.01550387591123581,2,61.15111423333334,0,history_replay
2023-12-13 08:04:31.684000+00:00,FKID006748,vehicle_breakdown,btm16thmain-orr junc,non-corridor,0,58.09670639038086,0.009677419438958168,0,14.684621466666666,0,history_replay
2023-12-15 05:13:54.833000+00:00,FKID006817,vehicle_breakdown,bloodbankcircle,mysore road,1,6.372137069702148,0.0,1,51.759602683333334,0,history_replay
2023-12-15 19:54:20.675000+00:00,FKID006832,vehicle_breakdown,wilsongarden10thcrossjunc,non-corridor,1,8.12121295928955,0.0,0,12.559661516666667,0,history_replay
2023-12-17 05:08:57.747000+00:00,FKID006963,vehicle_breakdown,sattelitebusstandjunc,mysore road,1,5.786747455596924,0.0,1,27.371803333333332,0,history_replay
2023-12-17 07:44:52.517000+00:00,FKID006970,vehicle_breakdown,santhecircle,bellary road 2,1,5.4475274085998535,0.01550387591123581,1,6.093109766666667,0,history_replay
2023-12-18 05:55:00.829000+00:00,FKID006982,vehicle_breakdown,yelhankacircle,bellary road 2,1,6.87603235244751,0.01550387591123581,1,50.716228816666664,0,history_replay
2023-12-20 03:33:12.039000+00:00,FKID007052,vehicle_breakdown,bmtcjunction-k h road,non-corridor,0,27.55027198791504,0.0,0,104.66418203333333,0,history_replay
2023-12-21 06:20:56.286000+00:00,FKID007084,vehicle_breakdown,policecornerjunc,mysore road,1,4.6625447273254395,0.0,1,47.80724921666667,0,history_replay
2023-12-21 20:36:31.608000+00:00,FKID007096,vehicle_breakdown,goruguntepalyajunc,tumkur road,1,9.359829902648926,0.0,1,173.42698381666665,0,history_replay
2023-12-21 21:24:47.737000+00:00,FKID007100,others,mysorerd--madhupetrolbunkjunction,mysore road,2,16.671960830688477,0.009677419438958168,2,33.48906055,0,history_replay
2023-12-21 21:26:05.223000+00:00,FKID007101,vehicle_breakdown,sattelitebusstandjunc,mysore road,1,15.623202323913574,0.0,1,43.98374376666666,0,history_replay
2023-12-21 22:18:21.503000+00:00,FKID007103,vehicle_breakdown,kamakyajunction,orr west 1,1,36.50413131713867,0.0,1,44.5321139,0,history_replay
2023-12-21 23:33:19.348000+00:00,FKID007108,vehicle_breakdown,mekhricircle,bellary road 1,1,19.41501235961914,0.009677419438958168,1,12.5869507,0,history_replay
2023-12-22 00:23:07.112000+00:00,FKID007110,vehicle_breakdown,yeshwanthpuracircle,tumkur road,1,12.587942123413086,0.0,1,20.0987703,0,history_replay
2023-12-22 00:24:37.842000+00:00,FKID007111,vehicle_breakdown,shantalajunction,non-corridor,0,4.747669219970703,0.0,0,6.931877533333333,0,history_replay
2023-12-22 00:40:15.888000+00:00,FKID007112,vehicle_breakdown,nimhans junction,non-corridor,0,1187.58837890625,0.0,0,74.30124980000001,0,history_replay
2023-12-23 20:43:44.987000+00:00,FKID007159,vehicle_breakdown,mysorerd-ringrdjunc(nayandanahallii),orr west 1,1,17.57280921936035,0.0,1,78.36581535,0,history_replay
2023-12-25 00:19:01.400000+00:00,FKID007185,vehicle_breakdown,jakkurcrossjunction,bellary road 2,1,9.525358200073242,0.01550387591123581,1,34.49597188333333,0,history_replay
2023-12-25 06:26:49.239000+00:00,FKID007192,accident,hesaraghattajunction,tumkur road,1,5.739410877227783,0.0,2,23.807276100000003,0,history_replay
2023-12-25 21:11:26.487000+00:00,FKID007199,vehicle_breakdown,bommanahalli,hosur road,1,2371.730712890625,0.0,1,23.53905478333333,0,history_replay
2023-12-26 00:59:59.741000+00:00,FKID007208,vehicle_breakdown,jalahallicross(sm circle),tumkur road,1,6.121397972106934,0.0,1,72.97621806666666,0,history_replay
2023-12-26 06:47:24.187000+00:00,FKID007224,vehicle_breakdown,btm16thmain-orr junc,non-corridor,0,82.00938415527344,0.0,0,33.111599733333335,0,history_replay
2023-12-26 20:27:46.431000+00:00,FKID007231,vehicle_breakdown,hoodijunction,non-corridor,2,27.232852935791016,0.21212121844291687,2,67.44224876666667,0,history_replay
2023-12-26 20:55:46.001000+00:00,FKID007233,vehicle_breakdown,bangalorebodybuildersjunc,mysore road,1,9.937310218811035,0.0,1,8.948683866666666,0,history_replay
2023-12-26 23:51:58.207000+00:00,FKID007239,vehicle_breakdown,goruguntepalyajunc,tumkur road,1,8.37330436706543,0.0,1,17.107073166666666,0,history_replay
2023-12-28 00:54:29.371397+00:00,FKID007270,accident,veerasandragatejunction,non-corridor,0,181.4271697998047,0.009677419438958168,1,89.56093413333333,0,history_replay
2023-12-28 21:58:15.515000+00:00,FKID007300,vehicle_breakdown,sattelitebusstandjunc,mysore road,1,15.623202323913574,0.0,1,2.1127926833333333,0,history_replay
2023-12-28 23:49:41.702000+00:00,FKID007307,vehicle_breakdown,townhalljunction,mysore road,1,12.924015998840332,0.0,1,12.958737216666666,0,history_replay
2023-12-29 22:06:36.008000+00:00,FKID007334,vehicle_breakdown,devangahosteljunction,non-corridor,0,66.5798110961914,0.0,0,14.661843316666667,0,history_replay
2023-12-30 23:15:31.529000+00:00,FKID007364,construction,bagalurcrossjunc,bellary road 2,1,9.983124732971191,0.01550387591123581,2,146.81543166666668,0,history_replay
2023-12-31 01:10:24.265000+00:00,FKID007367,vehicle_breakdown,kimco junction,west of chord road,1,2.0290451049804688,0.009677419438958168,1,30.792283566666665,0,history_replay
2024-01-03 05:18:46.988000+00:00,FKID007439,vehicle_breakdown,ringroad-ullaljunction,non-corridor,0,2.26735520362854,0.0416666679084301,0,52.883968483333334,0,history_replay
2024-01-03 06:15:42.955000+00:00,FKID007446,vehicle_breakdown,rajeshwarijunc,non-corridor,0,5.774992942810059,0.009677419438958168,0,67.65367151666666,0,history_replay
2024-01-04 05:22:49.170000+00:00,FKID007475,vehicle_breakdown,bmtcjunction-k h road,non-corridor,0,39.56064224243164,0.0,0,25.391993083333332,0,history_replay
2024-01-04 05:55:52.346000+00:00,FKID007477,vehicle_breakdown,khodayscircle(dv urscircle),non-corridor,0,9.143916130065918,0.0,0,152.09387653333334,0,history_replay
2024-01-04 22:09:42.211000+00:00,FKID007489,others,chaudrayacircle/udayatvcircle(cantonmentjunc),non-corridor,0,1822.2056884765625,0.0,0,48.781621566666665,0,history_replay
2024-01-04 23:06:47.031000+00:00,FKID007494,vehicle_breakdown,tatainstitutecircle,tumkur road,1,31.439754486083984,0.0,1,84.45260125,0,history_replay
2024-01-04 23:57:43.280000+00:00,FKID007499,vehicle_breakdown,leprosyhospitaljunc,magadi road,1,142.81053161621094,0.0,1,98.5958793,0,history_replay
2024-01-05 06:17:15.352000+00:00,FKID007509,others,elitejunc,non-corridor,0,3.789350748062134,0.0,0,136.34130586666666,0,history_replay
2024-01-05 07:32:42.304000+00:00,FKID007510,vehicle_breakdown,sandeepunnikrishnan-yelhanka,non-corridor,0,5.044810771942139,0.009677419438958168,0,20.333616316666667,0,history_replay
2024-01-06 06:39:55.949000+00:00,FKID007536,vehicle_breakdown,yelhankabypass,bellary road 2,1,4.764875411987305,0.009677419438958168,1,78.13917339999999,0,history_replay
2024-01-06 20:32:24.682000+00:00,FKID007547,vehicle_breakdown,yelhankacircle,bellary road 2,1,8.95322036743164,0.01550387591123581,1,108.3117811,0,history_replay
2024-01-06 23:30:52.349000+00:00,FKID007558,others,mekhricircle,bellary road 1,1,31.12381362915039,0.009677419438958168,1,10.293404816666667,0,history_replay
2024-01-07 00:52:53.583000+00:00,FKID007562,accident,ibblurjunction',orr east 1,1,8.078703880310059,0.0,2,34.19998446666667,0,history_replay
2024-01-07 16:52:54.291000+00:00,FKID007574,vehicle_breakdown,kimco junction,west of chord road,1,1.9596853256225586,0.01550387591123581,1,93.61899465,0,history_replay
2024-01-07 23:26:22.227000+00:00,FKID007582,vehicle_breakdown,bloodbankcircle,non-corridor,0,106.66341400146484,0.0,0,4.599644433333333,0,history_replay
2024-01-08 04:48:41.703000+00:00,FKID007587,others,devasandra(k r puram),non-corridor,0,1.391943335533142,0.009677419438958168,1,192.62937578333333,0,history_replay
2024-01-08 20:10:03.148000+00:00,FKID007596,vehicle_breakdown,ringroad-ullaljunction,non-corridor,1,6.537333011627197,0.0416666679084301,0,44.9643523,0,history_replay
2024-01-08 23:28:12.715000+00:00,FKID007604,construction,mayohalljunction,old madras road,1,70.96995544433594,0.0,2,28.811124983333332,0,history_replay
2024-01-09 09:07:53.871000+00:00,FKID007621,vehicle_breakdown,shivajinagar(brv)junction,old madras road,1,16.884958267211914,0.0,1,30.67291765,0,history_replay
2024-01-09 19:57:30.267000+00:00,FKID007626,others,rajeshwarijunc,mysore road,1,3.693868398666382,0.009677419438958168,1,172.3003701833333,0,history_replay
2024-01-10 11:27:01.520000+00:00,FKID007650,construction,k r marketjunction,mysore road,3,244.7537841796875,0.375,3,428.7790138333333,1,history_replay
2024-01-11 06:02:06.287000+00:00,FKID007672,water_logging,shantalajunction,non-corridor,0,2.647487163543701,0.0,1,37.07593646666667,0,history_replay
2024-01-11 19:23:39.461000+00:00,FKID007675,vehicle_breakdown,queensstatuecircle,old madras road,1,66.12982940673828,0.0,1,75.95687948333332,0,history_replay
2024-01-12 01:43:42.095000+00:00,FKID007685,vehicle_breakdown,ulsoorgatejunc,mysore road,1,1.7419179677963257,0.0,1,50.004631583333335,0,history_replay
2024-01-12 04:55:38.100000+00:00,FKID007691,vehicle_breakdown,oldpolicestation-ashoknagar,mysore road,1,10.404033660888672,0.0,1,52.991312916666665,0,history_replay
2024-01-12 04:56:13.211000+00:00,FKID007692,vehicle_breakdown,mintojunction,non-corridor,0,4.902418613433838,0.0,0,76.29404848333334,0,history_replay
2024-01-12 05:22:54.082000+00:00,FKID007697,vehicle_breakdown,margosard-18thcrossjunc,non-corridor,0,2.3388798236846924,0.0,0,44.92868061666666,0,history_replay
2024-01-12 20:09:40.273000+00:00,FKID007710,road_conditions,hudsoncircle,mysore road,1,46.5582275390625,0.009677419438958168,2,270.9179471333333,1,history_replay
2024-01-12 20:22:13.835000+00:00,FKID007711,accident,yelhankacircle,bellary road 2,1,7.751089572906494,0.0416666679084301,2,32.31531945,0,history_replay
2024-01-13 02:21:42.702000+00:00,FKID007728,vehicle_breakdown,kadubeesanahalli-orr junc,orr east 1,1,10.626922607421875,0.0,1,20.836302666666665,0,history_replay
2024-01-13 07:39:43.464000+00:00,FKID007741,others,shivajinagar(brv)junction,old madras road,1,23.438173294067383,0.0,1,75.93873236666667,0,history_replay
2024-01-14 03:42:40.064000+00:00,FKID007765,vehicle_breakdown,bagalurcrossjunc,bellary road 2,1,3.1350533962249756,0.01550387591123581,1,74.82453056666667,0,history_replay
2024-01-14 04:57:19.739000+00:00,FKID007769,vehicle_breakdown,ramamurthynagarjunction,orr north 1,1,191.90948486328125,0.01550387591123581,1,71.77608031666666,0,history_replay
2024-01-14 06:32:33.149000+00:00,FKID007775,vehicle_breakdown,shivandacircle,non-corridor,0,9.773853302001953,0.0,0,101.95200981666667,0,history_replay
2024-01-14 06:51:45.796000+00:00,FKID007776,vehicle_breakdown,ring road-near kengunte junction,non-corridor,0,0.647551953792572,0.009677419438958168,0,125.21858565000001,0,history_replay
2024-01-14 17:05:07.144000+00:00,FKID007780,accident,srs peenya junc,tumkur road,1,15.088822364807129,0.009677419438958168,2,49.68956086666667,0,history_replay
2024-01-15 20:21:30.624000+00:00,FKID007806,others,marigowda-tavarkererdjunc,hosur road,1,284.6990051269531,0.01550387591123581,1,97.11398355,0,history_replay
2024-01-15 21:01:11.662000+00:00,FKID007810,pot_holes,subedarchatramrd near sheshadripuramps,non-corridor,0,349.0751037597656,0.01550387591123581,1,1440.0,0,history_replay
2024-01-16 04:35:41.844000+00:00,FKID007828,vehicle_breakdown,j d marajunc,bannerghata road,1,21.9396915435791,0.009677419438958168,1,20.97513005,0,history_replay
2024-01-16 04:46:05.464000+00:00,FKID007831,vehicle_breakdown,kudlu gate junc,hosur road,1,20.78324317932129,0.01550387591123581,1,111.86912819999999,0,history_replay
2024-01-16 20:09:14.669000+00:00,FKID007845,vehicle_breakdown,oldmadrasrd-indranagar100ftrdjunc,old madras road,1,33.155677795410156,0.0,1,6.507784116666667,0,history_replay
2024-01-16 21:40:11.703000+00:00,FKID007852,vehicle_breakdown,yeshwanthpuracircle,tumkur road,1,44.253116607666016,0.0,1,116.76965865000001,0,history_replay
2024-01-17 05:21:25.704000+00:00,FKID007864,vehicle_breakdown,richmond circle jn,mysore road,2,5.2319440841674805,0.009677419438958168,2,62.4407437,0,history_replay
2024-01-17 21:44:23.987000+00:00,FKID007879,vehicle_breakdown,universityjunc(janabharti),mysore road,1,9.40634536743164,0.0,1,18.391840950000002,0,history_replay
2024-01-18 21:05:09.260000+00:00,FKID007904,vehicle_breakdown,deverabeesanahalli-orr junc,orr east 1,1,51.05748748779297,0.0,1,24.52389155,0,history_replay
2024-01-18 22:27:32.232000+00:00,FKID007911,vehicle_breakdown,toll gate mysore road,mysore road,1,219.91433715820312,0.0,1,23.59637425,0,history_replay
2024-01-19 05:29:31.783000+00:00,FKID007922,vehicle_breakdown,bilekahallijunc,bannerghata road,1,98.73699188232422,0.0416666679084301,1,22.181698200000003,0,history_replay
2024-01-20 00:24:09.300000+00:00,FKID007945,vehicle_breakdown,shivandacircle,non-corridor,0,122.39947509765625,0.0,0,13.907694183333332,0,history_replay
2024-01-20 19:07:51.501000+00:00,FKID007963,vehicle_breakdown,krishnaflourmill,non-corridor,2,319.01611328125,0.01550387591123581,2,76.5535792,0,history_replay
2024-01-22 01:25:39.772000+00:00,FKID007990,vehicle_breakdown,hesaraghattajunction,tumkur road,1,18.798433303833008,0.0,1,26.866518433333333,0,history_replay
2024-01-22 19:50:45.147000+00:00,FKID008000,vehicle_breakdown,ngv reargatejunc,non-corridor,1,1062.1754150390625,0.009677419438958168,1,81.02077853333334,0,history_replay
2024-01-23 08:35:30.374000+00:00,FKID008018,vehicle_breakdown,silkboardjunc,orr east 1,1,132.34375,0.0416666679084301,1,21.377075433333335,0,history_replay
2024-01-23 19:23:06.673000+00:00,FKID008020,vehicle_breakdown,elitejunc,non-corridor,1,57.528114318847656,0.0,0,34.28519798333333,0,history_replay
2024-01-24 00:11:28.110000+00:00,FKID008037,vehicle_breakdown,kimco junction,mysore road,1,10.898356437683105,0.009677419438958168,1,36.24162716666667,0,history_replay
2024-01-24 21:28:58.548000+00:00,FKID008071,vehicle_breakdown,kimco junction,west of chord road,1,131.88185119628906,0.009677419438958168,1,22.82533031666667,0,history_replay
2024-01-25 03:59:04.619000+00:00,FKID008082,vehicle_breakdown,domlurwatertank,non-corridor,0,99.53925323486328,0.0,0,33.196245600000005,0,history_replay
2024-01-29 00:55:07.456000+00:00,FKID008158,vehicle_breakdown,bangalorebodybuildersjunc,mysore road,1,1.5861005783081055,0.0,1,11.277187116666665,0,history_replay
2024-01-29 20:06:16.280000+00:00,FKID008165,vehicle_breakdown,naganathapurajunction,hosur road,1,2.8675594329833984,0.009677419438958168,1,54.72725916666666,0,history_replay
